{
    "left": {
        "arm": "Dobot",
        "details": {
            "address": "192.168.2.8",
            "home_position": {
                "tuple": [
                    0,
                    300,
                    0
                ]
            },
            "home_orientation": {
                "tuple": [
                    0,
                    0,
                    0
                ]
            },
            "orientate_matrix": {
                "array": [
                    [
                        0.9999173116496464,
                        0.01285962143081557,
                        0.0
                    ],
                    [
                        -0.01285962143081557,
                        0.9999173116496464,
                        0.0
                    ],
                    [
                        0.0,
                        0.0,
                        1.0
                    ]
                ]
            },
            "translate_vector": {
                "array": [
                    -232.6,
                    87.9,
                    160.0
                ]
            },
            "scale": 0.9961030730782129
        }
    },
    "right": {
        "arm": "JawGripper",
        "details": {
            "address": "192.168.2.7",
            "home_position": {
                "tuple": [
                    0,
                    300,
                    0
                ]
            },
            "home_orientation": {
                "tuple": [
                    0,
                    0,
                    0
                ]
            },
            "orientate_matrix": {
                "array": [
                    [
                        -1,
                        0,
                        0
                    ],
                    [
                        0,
                        -1,
                        0
                    ],
                    [
                        0,
                        0,
                        1
                    ]
                ]
            },
            "translate_vector": {
                "array": [
                    369.6,
                    361.3,
                    222.5
                ]
            },
            "scale": 1
        }
    }
}