{
    "left": {
        "arm": "Dobot",
        "details": {
            "address": "192.168.2.8",
            "home_position": {
                "tuple": [
                    0,
                    300,
                    0
                ]
            },
            "home_orientation": {
                "tuple": [
                    0,
                    0,
                    0
                ]
            },
            "orientate_matrix": {
                "array": [
                    [
                        0.9999442775828971,
                        -0.01055659647888101,
                        0.0
                    ],
                    [
                        0.01055659647888101,
                        0.9999442775828971,
                        0.0
                    ],
                    [
                        0.0,
                        0.0,
                        1.0
                    ]
                ]
            },
            "translate_vector": {
                "array": [
                    -228.6,
                    88.3,
                    160.0
                ]
            },
            "scale": 0.9955456957166967
        }
    }
}