{
    "left": {
        "arm": "Dobot",
        "details": {
            "address": "192.168.2.8",
            "home_position": {
                "tuple": [
                    0,
                    300,
                    0
                ]
            },
            "home_orientation": {
                "tuple": [
                    0,
                    0,
                    0
                ]
            },
            "orientate_matrix": {
                "array": [
                    [
                        0.9999998278009659,
                        -0.0005868543590381755,
                        0.0
                    ],
                    [
                        0.0005868543590381755,
                        0.9999998278009659,
                        0.0
                    ],
                    [
                        0.0,
                        0.0,
                        1.0
                    ]
                ]
            },
            "translate_vector": {
                "array": [
                    -230.2,
                    89.5,
                    160.0
                ]
            },
            "scale": 0.996185274467218
        }
    }
}