{
    "left": {
        "arm": "VacuumGrip",
        "details": {
            "address": "192.168.2.8",
            "home_position": {
                "tuple": [
                    0,
                    300,
                    0
                ]
            },
            "home_orientation": {
                "tuple": [
                    0,
                    0,
                    0
                ]
            },
            "orientate_matrix": {
                "array": [
                    [
                        0.9999180131536106,
                        -0.012804958841624177,
                        0.0
                    ],
                    [
                        0.012804958841624177,
                        0.9999180131536106,
                        0.0
                    ],
                    [
                        0.0,
                        0.0,
                        1.0
                    ]
                ]
            },
            "translate_vector": {
                "array": [
                    -216.07,
                    96.5,
                    160.25
                ]
            },
            "scale": 0.9978605686821012
        }
    }
}