{
    "left": {
        "arm": "VacuumGrip",
        "details": {
            "address": "192.168.2.8",
            "home_position": {
                "tuple": [
                    0,
                    300,
                    0
                ]
            },
            "home_orientation": {
                "tuple": [
                    0,
                    0,
                    0
                ]
            },
            "orientate_matrix": {
                "array": [
                    [
                        0.004704304179215583,
                        -0.9999889346998743,
                        0.0
                    ],
                    [
                        0.9999889346998743,
                        0.004704304179215583,
                        0.0
                    ],
                    [
                        0.0,
                        0.0,
                        1.0
                    ]
                ]
            },
            "translate_vector": {
                "array": [
                    -152.61999999999995,
                    61.03,
                    226.24999999999997
                ]
            },
            "scale": 1.003358488966458
        }
    },
    "right": {
        "arm": "JawGripper",
        "details": {
            "address": "192.168.2.7",
            "home_position": {
                "tuple": [
                    0,
                    300,
                    0
                ]
            },
            "home_orientation": {
                "tuple": [
                    0,
                    0,
                    0
                ]
            },
            "orientate_matrix": {
                "array": [
                    [
                        -1,
                        0,
                        0
                    ],
                    [
                        0,
                        -1,
                        0
                    ],
                    [
                        0,
                        0,
                        1
                    ]
                ]
            },
            "translate_vector": {
                "array": [
                    369.6,
                    361.3,
                    222.5
                ]
            },
            "scale": 1
        }
    }
}