{
    "left": {
        "arm": "Dobot",
        "details": {
            "address": "192.168.2.8",
            "home_position": {
                "tuple": [
                    0,
                    300,
                    0
                ]
            },
            "home_orientation": {
                "tuple": [
                    0,
                    0,
                    0
                ]
            },
            "orientate_matrix": {
                "array": [
                    [
                        0.03501632955848893,
                        -0.9993867402883886,
                        0.0
                    ],
                    [
                        0.9993867402883886,
                        0.03501632955848893,
                        0.0
                    ],
                    [
                        0.0,
                        0.0,
                        1.0
                    ]
                ]
            },
            "translate_vector": {
                "array": [
                    -153.60000000000002,
                    46.400000000000006,
                    243.5
                ]
            },
            "scale": 0.9998335213446194
        }
    },
    "right": {
        "arm": "JawGripper",
        "details": {
            "address": "192.168.2.7",
            "home_position": {
                "tuple": [
                    0,
                    300,
                    0
                ]
            },
            "home_orientation": {
                "tuple": [
                    0,
                    0,
                    0
                ]
            },
            "orientate_matrix": {
                "array": [
                    [
                        -1,
                        0,
                        0
                    ],
                    [
                        0,
                        -1,
                        0
                    ],
                    [
                        0,
                        0,
                        1
                    ]
                ]
            },
            "translate_vector": {
                "array": [
                    369.6,
                    361.3,
                    222.5
                ]
            },
            "scale": 1
        }
    }
}